INSERT INTO edu_roles (code, name, is_system)
VALUES
('superadmin', 'Superadministrador', TRUE),
('admin_institucional', 'Administrador institucional', TRUE),
('docente', 'Docente', TRUE),
('estudiante', 'Estudiante', TRUE),
('representante', 'Representante', TRUE)
ON CONFLICT (code) DO NOTHING;

INSERT INTO edu_institutions (
  id,
  name,
  slug,
  institution_type,
  contact_email,
  contact_phone,
  address,
  active_school_year_label
)
VALUES (
  '10000000-0000-0000-0000-000000000001',
  'Unidad Educativa Demo Educa',
  'unidad-educativa-demo-educa',
  'privada',
  'info@educa.demo',
  '+593000000000',
  'Quito, Ecuador',
  '2026-2027'
)
ON CONFLICT (slug) DO NOTHING;

INSERT INTO edu_users (
  id,
  institution_id,
  full_name,
  email,
  password_hash,
  status
)
VALUES (
  '20000000-0000-0000-0000-000000000001',
  '10000000-0000-0000-0000-000000000001',
  'Guiller JR',
  'admin@educa.local',
  crypt('Educa2026!', gen_salt('bf')),
  'active'
)
ON CONFLICT (email) DO NOTHING;

INSERT INTO edu_user_roles (user_id, role_id)
SELECT '20000000-0000-0000-0000-000000000001', r.id
FROM edu_roles r
WHERE r.code = 'superadmin'
ON CONFLICT DO NOTHING;

INSERT INTO edu_academic_levels (id, institution_id, name, code, educational_stage, sort_order)
VALUES
  ('30000000-0000-0000-0000-000000000001', '10000000-0000-0000-0000-000000000001', 'Inicial', 'INI', 'inicial', 1),
  ('30000000-0000-0000-0000-000000000002', '10000000-0000-0000-0000-000000000001', 'Educación General Básica', 'EGB', 'basica', 2),
  ('30000000-0000-0000-0000-000000000003', '10000000-0000-0000-0000-000000000001', 'Bachillerato General Unificado', 'BGU', 'bachillerato', 3)
ON CONFLICT (institution_id, code) DO NOTHING;

INSERT INTO edu_academic_grades (id, institution_id, level_id, name, code, sort_order)
VALUES
  ('31000000-0000-0000-0000-000000000001', '10000000-0000-0000-0000-000000000001', '30000000-0000-0000-0000-000000000001', 'Inicial 1', 'INI1', 1),
  ('31000000-0000-0000-0000-000000000002', '10000000-0000-0000-0000-000000000001', '30000000-0000-0000-0000-000000000001', 'Inicial 2', 'INI2', 2),
  ('31000000-0000-0000-0000-000000000003', '10000000-0000-0000-0000-000000000001', '30000000-0000-0000-0000-000000000002', 'Primero de EGB', 'EGB1', 1),
  ('31000000-0000-0000-0000-000000000004', '10000000-0000-0000-0000-000000000001', '30000000-0000-0000-0000-000000000002', 'Séptimo de EGB', 'EGB7', 7),
  ('31000000-0000-0000-0000-000000000005', '10000000-0000-0000-0000-000000000001', '30000000-0000-0000-0000-000000000003', 'Primero de BGU', 'BGU1', 1),
  ('31000000-0000-0000-0000-000000000006', '10000000-0000-0000-0000-000000000001', '30000000-0000-0000-0000-000000000003', 'Tercero de BGU', 'BGU3', 3)
ON CONFLICT (institution_id, code) DO NOTHING;

INSERT INTO edu_academic_sections (id, institution_id, grade_id, name, code, shift, capacity)
VALUES
  ('32000000-0000-0000-0000-000000000001', '10000000-0000-0000-0000-000000000001', '31000000-0000-0000-0000-000000000001', 'A', 'INI1-A', 'matutina', 20),
  ('32000000-0000-0000-0000-000000000002', '10000000-0000-0000-0000-000000000001', '31000000-0000-0000-0000-000000000002', 'A', 'INI2-A', 'matutina', 25),
  ('32000000-0000-0000-0000-000000000003', '10000000-0000-0000-0000-000000000001', '31000000-0000-0000-0000-000000000003', 'A', 'EGB1-A', 'matutina', 32),
  ('32000000-0000-0000-0000-000000000004', '10000000-0000-0000-0000-000000000001', '31000000-0000-0000-0000-000000000003', 'B', 'EGB1-B', 'vespertina', 30),
  ('32000000-0000-0000-0000-000000000005', '10000000-0000-0000-0000-000000000001', '31000000-0000-0000-0000-000000000004', 'A', 'EGB7-A', 'matutina', 34),
  ('32000000-0000-0000-0000-000000000006', '10000000-0000-0000-0000-000000000001', '31000000-0000-0000-0000-000000000005', 'A', 'BGU1-A', 'matutina', 36),
  ('32000000-0000-0000-0000-000000000007', '10000000-0000-0000-0000-000000000001', '31000000-0000-0000-0000-000000000005', 'B', 'BGU1-B', 'vespertina', 35),
  ('32000000-0000-0000-0000-000000000008', '10000000-0000-0000-0000-000000000001', '31000000-0000-0000-0000-000000000006', 'A', 'BGU3-A', 'matutina', 38)
ON CONFLICT (institution_id, code) DO NOTHING;
